LOG_TIME,CONTENT_MATCHED,HTTP_RESPONSE_CODE,RESPONSE_MESSAGE,RESPONSE_TIME,URL
"02/11/2022    21:30:03  EET" ,"Content  matched" ,200 ,OK ,0.4325586 ,"https://www.f-secure.com/en"
"02/11/2022    21:30:04  EET" ,"Content  matched" ,200 ,OK ,0.7956401 ,"https://github.com/asraful"
"02/11/2022    21:30:04  EET" ,"Unknown  Host" ,400 ,www.foobarxyz.com ,-1.0 ,"http://www.foobarxyz.com/"
"02/11/2022    21:30:04  EET" ,"Content  not  matched" ,403 ,Forbidden ,0.2922818 ,"http://www.foobar.com/login"
"02/11/2022    21:30:13  EET" ,"Content  matched" ,200 ,OK ,0.2303329 ,"https://www.f-secure.com/en"
"02/11/2022    21:30:14  EET" ,"Content  matched" ,200 ,OK ,0.7781085 ,"https://github.com/asraful"
"02/11/2022    21:30:14  EET" ,"Unknown  Host" ,400 ,www.foobarxyz.com ,-1.0 ,"http://www.foobarxyz.com/"
"02/11/2022    21:30:14  EET" ,"Content  not  matched" ,403 ,Forbidden ,0.3022071 ,"http://www.foobar.com/login"
"02/11/2022    21:30:23  EET" ,"Content  matched" ,200 ,OK ,0.1901074 ,"https://www.f-secure.com/en"
"02/11/2022    21:30:24  EET" ,"Content  matched" ,200 ,OK ,0.7964441 ,"https://github.com/asraful"
"02/11/2022    21:30:24  EET" ,"Unknown  Host" ,400 ,www.foobarxyz.com ,-1.0 ,"http://www.foobarxyz.com/"
"02/11/2022    21:30:24  EET" ,"Content  not  matched" ,403 ,Forbidden ,0.2878479 ,"http://www.foobar.com/login"
"02/11/2022    21:30:33  EET" ,"Content  matched" ,200 ,OK ,0.251141 ,"https://www.f-secure.com/en"
"02/11/2022    21:30:34  EET" ,"Content  matched" ,200 ,OK ,0.8720233 ,"https://github.com/asraful"
"02/11/2022    21:30:34  EET" ,"Unknown  Host" ,400 ,www.foobarxyz.com ,-1.0 ,"http://www.foobarxyz.com/"
"02/11/2022    21:30:34  EET" ,"Content  not  matched" ,403 ,Forbidden ,0.2822273 ,"http://www.foobar.com/login"
"02/11/2022    21:30:43  EET" ,"Content  matched" ,200 ,OK ,0.1742254 ,"https://www.f-secure.com/en"
"02/11/2022    21:30:44  EET" ,"Content  matched" ,200 ,OK ,0.7413709 ,"https://github.com/asraful"
"02/11/2022    21:30:44  EET" ,"Unknown  Host" ,400 ,www.foobarxyz.com ,-1.0 ,"http://www.foobarxyz.com/"
"02/11/2022    21:30:44  EET" ,"Content  not  matched" ,403 ,Forbidden ,0.2826873 ,"http://www.foobar.com/login"
"02/11/2022    21:30:53  EET" ,"Content  matched" ,200 ,OK ,0.1754181 ,"https://www.f-secure.com/en"
"02/11/2022    21:30:53  EET" ,"Content  matched" ,200 ,OK ,0.3578435 ,"https://github.com/asraful"
"02/11/2022    21:30:53  EET" ,"Unknown  Host" ,400 ,www.foobarxyz.com ,-1.0 ,"http://www.foobarxyz.com/"
"02/11/2022    21:30:54  EET" ,"Content  not  matched" ,403 ,Forbidden ,0.3054294 ,"http://www.foobar.com/login"
"02/11/2022    21:31:03  EET" ,"Content  matched" ,200 ,OK ,0.1959889 ,"https://www.f-secure.com/en"
"02/11/2022    21:31:03  EET" ,"Content  matched" ,200 ,OK ,0.3276789 ,"https://github.com/asraful"
"02/11/2022    21:31:03  EET" ,"Unknown  Host" ,400 ,www.foobarxyz.com ,-1.0 ,"http://www.foobarxyz.com/"
"02/11/2022    21:31:04  EET" ,"Content  not  matched" ,403 ,Forbidden ,0.2781426 ,"http://www.foobar.com/login"
"02/11/2022    21:31:13  EET" ,"Content  matched" ,200 ,OK ,0.2558156 ,"https://www.f-secure.com/en"
"02/11/2022    21:31:14  EET" ,"Content  matched" ,200 ,OK ,0.6814188 ,"https://github.com/asraful"
"02/11/2022    21:31:14  EET" ,"Unknown  Host" ,400 ,www.foobarxyz.com ,-1.0 ,"http://www.foobarxyz.com/"
"02/11/2022    21:31:14  EET" ,"Content  not  matched" ,403 ,Forbidden ,0.312279 ,"http://www.foobar.com/login"
"02/11/2022    21:31:23  EET" ,"Content  matched" ,200 ,OK ,0.1810812 ,"https://www.f-secure.com/en"
"02/11/2022    21:31:24  EET" ,"Content  matched" ,200 ,OK ,0.655614 ,"https://github.com/asraful"
"02/11/2022    21:31:24  EET" ,"Unknown  Host" ,400 ,www.foobarxyz.com ,-1.0 ,"http://www.foobarxyz.com/"
"02/11/2022    21:31:24  EET" ,"Content  not  matched" ,403 ,Forbidden ,0.3132212 ,"http://www.foobar.com/login"
"02/11/2022    22:06:49  EET" ,"Content  matched" ,200 ,OK ,0.4190834 ,"https://www.f-secure.com/en"
"02/11/2022    22:06:50  EET" ,"Content  matched" ,200 ,OK ,0.6838475 ,"https://github.com/asraful"
"02/11/2022    22:06:50  EET" ,"Unknown  Host" ,400 ,www.foobarxyz.com ,-1.0 ,"http://www.foobarxyz.com/"
"02/11/2022    22:06:50  EET" ,"Content  not  matched" ,403 ,Forbidden ,0.6170245 ,"http://www.foobar.com/login"
"02/11/2022    22:06:59  EET" ,"Content  matched" ,200 ,OK ,0.2681895 ,"https://www.f-secure.com/en"
"02/11/2022    22:06:59  EET" ,"Content  matched" ,200 ,OK ,0.3608851 ,"https://github.com/asraful"
"02/11/2022    22:06:59  EET" ,"Unknown  Host" ,400 ,www.foobarxyz.com ,-1.0 ,"http://www.foobarxyz.com/"
"02/11/2022    22:06:59  EET" ,"Content  not  matched" ,403 ,Forbidden ,0.2775151 ,"http://www.foobar.com/login"
"02/11/2022    22:07:09  EET" ,"Content  matched" ,200 ,OK ,0.1942856 ,"https://www.f-secure.com/en"
"02/11/2022    22:07:09  EET" ,"Content  matched" ,200 ,OK ,0.3528194 ,"https://github.com/asraful"
"02/11/2022    22:07:09  EET" ,"Unknown  Host" ,400 ,www.foobarxyz.com ,-1.0 ,"http://www.foobarxyz.com/"
"02/11/2022    22:07:09  EET" ,"Content  not  matched" ,403 ,Forbidden ,0.2854183 ,"http://www.foobar.com/login"
"02/11/2022    22:07:19  EET" ,"Content  matched" ,200 ,OK ,0.2252467 ,"https://www.f-secure.com/en"
"02/11/2022    22:07:19  EET" ,"Content  matched" ,200 ,OK ,0.3460227 ,"https://github.com/asraful"
"02/11/2022    22:07:19  EET" ,"Unknown  Host" ,400 ,www.foobarxyz.com ,-1.0 ,"http://www.foobarxyz.com/"
"02/11/2022    22:07:19  EET" ,"Content  not  matched" ,403 ,Forbidden ,0.2797288 ,"http://www.foobar.com/login"
"02/11/2022    22:07:29  EET" ,"Content  matched" ,200 ,OK ,0.2346437 ,"https://www.f-secure.com/en"
"02/11/2022    22:07:29  EET" ,"Content  matched" ,200 ,OK ,0.3570819 ,"https://github.com/asraful"
"02/11/2022    22:07:29  EET" ,"Unknown  Host" ,400 ,www.foobarxyz.com ,-1.0 ,"http://www.foobarxyz.com/"
"02/11/2022    22:07:29  EET" ,"Content  not  matched" ,403 ,Forbidden ,0.2995989 ,"http://www.foobar.com/login"
"02/11/2022    22:07:39  EET" ,"Content  matched" ,200 ,OK ,0.1813782 ,"https://www.f-secure.com/en"
"02/11/2022    22:07:39  EET" ,"Content  matched" ,200 ,OK ,0.3451681 ,"https://github.com/asraful"
"02/11/2022    22:07:39  EET" ,"Unknown  Host" ,400 ,www.foobarxyz.com ,-1.0 ,"http://www.foobarxyz.com/"
"02/11/2022    22:07:39  EET" ,"Content  not  matched" ,403 ,Forbidden ,0.2893539 ,"http://www.foobar.com/login"
"03/11/2022    00:25:30  EET" ,"Content  matched" ,200 ,OK ,0.4370303 ,"https://www.f-secure.com/en"
"03/11/2022    00:25:31  EET" ,"Content  matched" ,200 ,OK ,0.8399539 ,"https://github.com/asraful"
"03/11/2022    00:25:31  EET" ,"Unknown  Host" ,400 ,www.foobarxyz.com ,-1.0 ,"http://www.foobarxyz.com/"
"03/11/2022    00:25:31  EET" ,"Content  not  matched" ,403 ,Forbidden ,0.6347657 ,"http://www.foobar.com/login"
"03/11/2022    00:25:40  EET" ,"Content  matched" ,200 ,OK ,0.2163006 ,"https://www.f-secure.com/en"
"03/11/2022    00:25:41  EET" ,"Content  matched" ,200 ,OK ,1.0015459 ,"https://github.com/asraful"
"03/11/2022    00:25:41  EET" ,"Unknown  Host" ,400 ,www.foobarxyz.com ,-1.0 ,"http://www.foobarxyz.com/"
"03/11/2022    00:25:41  EET" ,"Content  not  matched" ,403 ,Forbidden ,0.3021104 ,"http://www.foobar.com/login"
"03/11/2022    00:25:50  EET" ,"Content  matched" ,200 ,OK ,0.2358935 ,"https://www.f-secure.com/en"
"03/11/2022    00:25:50  EET" ,"Content  matched" ,200 ,OK ,0.4849105 ,"https://github.com/asraful"
"03/11/2022    00:25:50  EET" ,"Unknown  Host" ,400 ,www.foobarxyz.com ,-1.0 ,"http://www.foobarxyz.com/"
"03/11/2022    00:25:50  EET" ,"Content  not  matched" ,403 ,Forbidden ,0.3049413 ,"http://www.foobar.com/login"
"03/11/2022    00:26:00  EET" ,"Content  matched" ,200 ,OK ,0.2267459 ,"https://www.f-secure.com/en"
"03/11/2022    00:26:00  EET" ,"Content  matched" ,200 ,OK ,0.3652949 ,"https://github.com/asraful"
"03/11/2022    00:26:00  EET" ,"Unknown  Host" ,400 ,www.foobarxyz.com ,-1.0 ,"http://www.foobarxyz.com/"
"03/11/2022    00:26:00  EET" ,"Content  not  matched" ,403 ,Forbidden ,0.295761 ,"http://www.foobar.com/login"
"03/11/2022    00:26:10  EET" ,"Content  matched" ,200 ,OK ,0.2180467 ,"https://www.f-secure.com/en"
"03/11/2022    00:26:10  EET" ,"Content  matched" ,200 ,OK ,0.3379338 ,"https://github.com/asraful"
"03/11/2022    00:26:10  EET" ,"Unknown  Host" ,400 ,www.foobarxyz.com ,-1.0 ,"http://www.foobarxyz.com/"
"03/11/2022    00:26:10  EET" ,"Content  not  matched" ,403 ,Forbidden ,0.3087231 ,"http://www.foobar.com/login"
